"year","var","val","n_sim","started"
1991,"project",0,1,FALSE
1991,"counterfactual",-21846.5056117997,1,FALSE
1991,"additionality",21846.5056117997,1,FALSE
1992,"project",0,1,FALSE
1992,"counterfactual",0,1,FALSE
1992,"additionality",0,1,FALSE
1993,"project",0,1,FALSE
1993,"counterfactual",0,1,FALSE
1993,"additionality",0,1,FALSE
1994,"project",0,1,FALSE
1994,"counterfactual",0,1,FALSE
1994,"additionality",0,1,FALSE
1995,"project",0,1,FALSE
1995,"counterfactual",0,1,FALSE
1995,"additionality",0,1,FALSE
1996,"project",0,1,FALSE
1996,"counterfactual",-1933.6436965093,1,FALSE
1996,"additionality",1933.6436965093,1,FALSE
1997,"project",-50274.7361093014,1,FALSE
1997,"counterfactual",-44473.805019781,1,FALSE
1997,"additionality",-5800.93108952045,1,FALSE
1998,"project",-79279.3915569931,1,FALSE
1998,"counterfactual",-50274.7361093163,1,FALSE
1998,"additionality",-29004.6554476768,1,FALSE
1999,"project",-3867.2873930186,1,FALSE
1999,"counterfactual",-38468.5050842538,1,FALSE
1999,"additionality",34601.2176912352,1,FALSE
2000,"project",-75988.5291141421,1,FALSE
2000,"counterfactual",-52004.0109598488,1,FALSE
2000,"additionality",-23984.5181542933,1,FALSE
2001,"project",-75412.1041639745,1,FALSE
2001,"counterfactual",-56075.6671988294,1,FALSE
2001,"additionality",-19336.4369651452,1,FALSE
2002,"project",-164936.139153682,1,FALSE
2002,"counterfactual",-92814.8974325657,1,FALSE
2002,"additionality",-72121.241721116,1,FALSE
2003,"project",0,1,FALSE
2003,"counterfactual",-5800.93108954281,1,FALSE
2003,"additionality",5800.93108954281,1,FALSE
2004,"project",-68227.7531939894,1,FALSE
2004,"counterfactual",-75448.7857517004,1,FALSE
2004,"additionality",7221.03255771101,1,FALSE
2005,"project",-9642.01734846085,1,FALSE
2005,"counterfactual",-25802.8768607825,1,FALSE
2005,"additionality",16160.8595123217,1,FALSE
2006,"project",-8400.08359216899,1,FALSE
2006,"counterfactual",-13535.5058755875,1,FALSE
2006,"additionality",5135.42228341848,1,FALSE
2007,"project",-75412.1041639745,1,FALSE
2007,"counterfactual",-45626.654920131,1,FALSE
2007,"additionality",-29785.4492438436,1,FALSE
2008,"project",-40606.5176267549,1,FALSE
2008,"counterfactual",-60519.3795420453,1,FALSE
2008,"additionality",19912.8619152904,1,FALSE
2009,"project",-46407.4487162679,1,FALSE
2009,"counterfactual",-54142.0235023275,1,FALSE
2009,"additionality",7734.57478605956,1,FALSE
2010,"project",-92610.5285866037,1,FALSE
2010,"counterfactual",-82942.3101040423,1,FALSE
2010,"additionality",-9668.21848256141,1,FALSE
2011,"project",-238005.861929186,1,FALSE
2011,"counterfactual",-181647.222482078,1,FALSE
2011,"additionality",-56358.6394471079,1,FALSE
2012,"project",-39338.3827363476,1,FALSE
2012,"counterfactual",-72121.2417211011,1,FALSE
2012,"additionality",32782.8589847535,1,FALSE
2013,"project",-31514.724094376,1,FALSE
2013,"counterfactual",-67677.5293779373,1,FALSE
2013,"additionality",36162.8052835613,1,FALSE
2014,"project",-95786.1060394049,1,TRUE
2014,"counterfactual",-92867.2997007594,1,TRUE
2014,"additionality",-2918.80633864552,1,TRUE
2015,"project",-124251.01812464,1,TRUE
2015,"counterfactual",-286514.641600206,1,TRUE
2015,"additionality",162263.623475567,1,TRUE
2016,"project",-26531.2683887184,1,TRUE
2016,"counterfactual",-380393.305077225,1,TRUE
2016,"additionality",353862.036688507,1,TRUE
2017,"project",-169788.589188844,1,TRUE
2017,"counterfactual",-704517.054563254,1,TRUE
2017,"additionality",534728.46537441,1,TRUE
2018,"project",-30309.47192581,1,TRUE
2018,"counterfactual",-237775.291949116,1,TRUE
2018,"additionality",207465.820023306,1,TRUE
2019,"project",-38646.6727961525,1,TRUE
2019,"counterfactual",-340834.832814425,1,TRUE
2019,"additionality",302188.160018273,1,TRUE
2020,"project",-72210.3255770355,1,TRUE
2020,"counterfactual",-256357.13625218,1,TRUE
2020,"additionality",184146.810675144,1,TRUE
2021,"project",-111962.686232187,1,TRUE
2021,"counterfactual",-265008.750731714,1,TRUE
2021,"additionality",153046.064499527,1,TRUE
1991,"project",0,2,FALSE
1991,"counterfactual",-14688.3557759598,2,FALSE
1991,"additionality",14688.3557759598,2,FALSE
1992,"project",0,2,FALSE
1992,"counterfactual",0,2,FALSE
1992,"additionality",0,2,FALSE
1993,"project",0,2,FALSE
1993,"counterfactual",-1933.6436965093,2,FALSE
1993,"additionality",1933.6436965093,2,FALSE
1994,"project",0,2,FALSE
1994,"counterfactual",0,2,FALSE
1994,"additionality",0,2,FALSE
1995,"project",0,2,FALSE
1995,"counterfactual",0,2,FALSE
1995,"additionality",0,2,FALSE
1996,"project",0,2,FALSE
1996,"counterfactual",-1933.6436965093,2,FALSE
1996,"additionality",1933.6436965093,2,FALSE
1997,"project",-58009.310895361,2,FALSE
1997,"counterfactual",-60315.0106960684,2,FALSE
1997,"additionality",2305.6998007074,2,FALSE
1998,"project",-72697.6666713133,2,FALSE
1998,"counterfactual",-27071.0117511675,2,FALSE
1998,"additionality",-45626.6549201459,2,FALSE
1999,"project",-1933.6436964944,2,FALSE
1999,"counterfactual",-26290.2179550231,2,FALSE
1999,"additionality",24356.5742585286,2,FALSE
2000,"project",-80432.2414573506,2,FALSE
2000,"counterfactual",-70764.0229747966,2,FALSE
2000,"additionality",-9668.21848255396,2,FALSE
2001,"project",-61672.2294423953,2,FALSE
2001,"counterfactual",-69406.8042284325,2,FALSE
2001,"additionality",7734.57478603721,2,FALSE
2002,"project",-183669.950034536,2,FALSE
2002,"counterfactual",-85054.1215124354,2,FALSE
2002,"additionality",-98615.828522101,2,FALSE
2003,"project",0,2,FALSE
2003,"counterfactual",-3867.2873930186,2,FALSE
2003,"additionality",3867.2873930186,2,FALSE
2004,"project",-65665.2822791114,2,FALSE
2004,"counterfactual",-83220.0421254933,2,FALSE
2004,"additionality",17554.7598463818,2,FALSE
2005,"project",-21909.3883336335,2,FALSE
2005,"counterfactual",-20667.4545773491,2,FALSE
2005,"additionality",-1241.93375628442,2,FALSE
2006,"project",-19221.1519750953,2,FALSE
2006,"counterfactual",-21846.5056117997,2,FALSE
2006,"additionality",2625.35363670439,2,FALSE
2007,"project",-85054.1215124279,2,FALSE
2007,"counterfactual",-44358.5200297534,2,FALSE
2007,"additionality",-40695.6014826745,2,FALSE
2008,"project",-37404.7390398309,2,FALSE
2008,"counterfactual",-48917.517362982,2,FALSE
2008,"additionality",11512.7783231512,2,FALSE
2009,"project",-39249.2988804206,2,FALSE
2009,"counterfactual",-85745.8314526305,2,FALSE
2009,"additionality",46496.5325722098,2,FALSE
2010,"project",-64386.6669350639,2,FALSE
2010,"counterfactual",-74631.3103678077,2,FALSE
2010,"additionality",10244.6434327438,2,FALSE
2011,"project",-239363.080675527,2,FALSE
2011,"counterfactual",-177292.593994819,2,FALSE
2011,"additionality",-62070.4866807088,2,FALSE
2012,"project",-28402.0293634012,2,FALSE
2012,"counterfactual",-59162.1607957035,2,FALSE
2012,"additionality",30760.1314323023,2,FALSE
2013,"project",-23869.2331642509,2,FALSE
2013,"counterfactual",-66896.7355817556,2,FALSE
2013,"additionality",43027.5024175048,2,FALSE
2014,"project",-99768.6784224585,2,TRUE
2014,"counterfactual",-77806.8878206164,2,TRUE
2014,"additionality",-21961.7906018421,2,TRUE
2015,"project",-127683.366691627,2,TRUE
2015,"counterfactual",-256923.080748752,2,TRUE
2015,"additionality",129239.714057125,2,TRUE
2016,"project",-46381.2475821823,2,TRUE
2016,"counterfactual",-395862.454649292,2,TRUE
2016,"additionality",349481.20706711,2,TRUE
2017,"project",-140988.302587137,2,TRUE
2017,"counterfactual",-690546.609861635,2,TRUE
2017,"additionality",549558.307274498,2,TRUE
2018,"project",-58072.1936171874,2,TRUE
2018,"counterfactual",-227237.195814468,2,TRUE
2018,"additionality",169165.002197281,2,TRUE
2019,"project",-25137.3680546731,2,TRUE
2019,"counterfactual",-354564.227082334,2,TRUE
2019,"additionality",329426.859027661,2,TRUE
2020,"project",-68945.6642682925,2,TRUE
2020,"counterfactual",-271019.290894032,2,TRUE
2020,"additionality",202073.626625739,2,TRUE
2021,"project",-122836.156883307,2,TRUE
2021,"counterfactual",-248811.209631659,2,TRUE
2021,"additionality",125975.052748352,2,TRUE
1991,"project",0,3,FALSE
1991,"counterfactual",-17402.7932686061,3,FALSE
1991,"additionality",17402.7932686061,3,FALSE
1992,"project",0,3,FALSE
1992,"counterfactual",0,3,FALSE
1992,"additionality",0,3,FALSE
1993,"project",0,3,FALSE
1993,"counterfactual",-1933.64369650185,3,FALSE
1993,"additionality",1933.64369650185,3,FALSE
1994,"project",0,3,FALSE
1994,"counterfactual",0,3,FALSE
1994,"additionality",0,3,FALSE
1995,"project",0,3,FALSE
1995,"counterfactual",0,3,FALSE
1995,"additionality",0,3,FALSE
1996,"project",0,3,FALSE
1996,"counterfactual",-1933.64369653165,3,FALSE
1996,"additionality",1933.64369653165,3,FALSE
1997,"project",-52208.3798058107,3,FALSE
1997,"counterfactual",-54718.448452495,3,FALSE
1997,"additionality",2510.06864668429,3,FALSE
1998,"project",-85656.7475967109,3,FALSE
1998,"counterfactual",-30938.299144201,3,FALSE
1998,"additionality",-54718.4484525099,3,FALSE
1999,"project",-1933.6436964944,3,FALSE
1999,"counterfactual",-20489.2868654579,3,FALSE
1999,"additionality",18555.6431689635,3,FALSE
2000,"project",-83146.6789500192,3,FALSE
2000,"counterfactual",-63029.448188737,3,FALSE
2000,"additionality",-20117.2307612821,3,FALSE
2001,"project",-60519.3795420378,3,FALSE
2001,"counterfactual",-85080.3226465285,3,FALSE
2001,"additionality",24560.9431044906,3,FALSE
2002,"project",-193364.369651198,3,FALSE
2002,"counterfactual",-83146.6789500043,3,FALSE
2002,"additionality",-110217.690701194,3,FALSE
2003,"project",0,3,FALSE
2003,"counterfactual",-5800.93108954281,3,FALSE
2003,"additionality",5800.93108954281,3,FALSE
2004,"project",-50824.9599253833,3,FALSE
2004,"counterfactual",-67714.2109656557,3,FALSE
2004,"additionality",16889.2510402724,3,FALSE
2005,"project",-16800.1671843454,3,FALSE
2005,"counterfactual",-19336.4369651154,3,FALSE
2005,"additionality",2536.26978076994,3,FALSE
2006,"project",-11601.8621790558,3,FALSE
2006,"counterfactual",-30938.2991441861,3,FALSE
2006,"additionality",19336.4369651303,3,FALSE
2007,"project",-74631.3103678152,3,FALSE
2007,"counterfactual",-54514.0796065405,3,FALSE
2007,"additionality",-20117.2307612747,3,FALSE
2008,"project",-53539.397418052,3,FALSE
2008,"counterfactual",-72121.2417211235,3,FALSE
2008,"additionality",18581.8443030715,3,FALSE
2009,"project",-59942.9545918629,3,FALSE
2009,"counterfactual",-54142.023502335,3,FALSE
2009,"additionality",-5800.9310895279,3,FALSE
2010,"project",-78498.5977608263,3,FALSE
2010,"counterfactual",-56652.0921490118,3,FALSE
2010,"additionality",-21846.5056118146,3,FALSE
2011,"project",-239939.50562571,3,FALSE
2011,"counterfactual",-188601.003471978,3,FALSE
2011,"additionality",-51338.5021537319,3,FALSE
2012,"project",-39249.2988804057,3,FALSE
2012,"counterfactual",-68945.6642683223,3,FALSE
2012,"additionality",29696.3653879166,3,FALSE
2013,"project",-23203.7243581638,3,FALSE
2013,"counterfactual",-59738.585745886,3,FALSE
2013,"additionality",36534.8613877222,3,FALSE
2014,"project",-73363.1754774079,3,TRUE
2014,"counterfactual",-80316.9564673156,3,TRUE
2014,"additionality",6953.78098990768,3,TRUE
2015,"project",-96718.8664133325,3,TRUE
2015,"counterfactual",-280766.11277888,3,TRUE
2015,"additionality",184047.246365547,3,TRUE
2016,"project",-45149.7942795232,3,TRUE
2016,"counterfactual",-394720.085202605,3,TRUE
2016,"additionality",349570.290923081,3,TRUE
2017,"project",-157788.469771467,3,TRUE
2017,"counterfactual",-666944.628265157,3,TRUE
2017,"additionality",509156.15849369,3,TRUE
2018,"project",-47198.7229660749,3,TRUE
2018,"counterfactual",-239593.650655597,3,TRUE
2018,"additionality",192394.927689523,3,TRUE
2019,"project",-18670.928158991,3,TRUE
2019,"counterfactual",-351771.186187401,3,TRUE
2019,"additionality",333100.25802841,3,TRUE
2020,"project",-68101.9877503142,3,TRUE
2020,"counterfactual",-281379.219316795,3,TRUE
2020,"additionality",213277.231566481,3,TRUE
2021,"project",-113230.821122587,3,TRUE
2021,"counterfactual",-251205.993288308,3,TRUE
2021,"additionality",137975.172165722,3,TRUE
1991,"project",0,4,FALSE
1991,"counterfactual",-20489.2868654951,4,FALSE
1991,"additionality",20489.2868654951,4,FALSE
1992,"project",0,4,FALSE
1992,"counterfactual",0,4,FALSE
1992,"additionality",0,4,FALSE
1993,"project",0,4,FALSE
1993,"counterfactual",-5800.93108953536,4,FALSE
1993,"additionality",5800.93108953536,4,FALSE
1994,"project",0,4,FALSE
1994,"counterfactual",0,4,FALSE
1994,"additionality",0,4,FALSE
1995,"project",0,4,FALSE
1995,"counterfactual",0,4,FALSE
1995,"additionality",0,4,FALSE
1996,"project",0,4,FALSE
1996,"counterfactual",0,4,FALSE
1996,"additionality",0,4,FALSE
1997,"project",-85656.7475967035,4,FALSE
1997,"counterfactual",-61095.8044922203,4,FALSE
1997,"additionality",-24560.9431044832,4,FALSE
1998,"project",-64963.0918852538,4,FALSE
1998,"counterfactual",-43116.5862734392,4,FALSE
1998,"additionality",-21846.5056118146,4,FALSE
1999,"project",0,4,FALSE
1999,"counterfactual",-31399.439104341,4,FALSE
1999,"additionality",31399.439104341,4,FALSE
2000,"project",-86233.1725468934,4,FALSE
2000,"counterfactual",-69406.8042284474,4,FALSE
2000,"additionality",-16826.368318446,4,FALSE
2001,"project",-70276.6818805262,4,FALSE
2001,"counterfactual",-68830.3792782724,4,FALSE
2001,"additionality",-1446.30260225385,4,FALSE
2002,"project",-168892.51040265,4,FALSE
2002,"counterfactual",-84388.6127063185,4,FALSE
2002,"additionality",-84503.8976963311,4,FALSE
2003,"project",0,4,FALSE
2003,"counterfactual",-9668.21848254651,4,FALSE
2003,"additionality",9668.21848254651,4,FALSE
2004,"project",-65806.768403247,4,FALSE
2004,"counterfactual",-100711.919250034,4,FALSE
2004,"additionality",34905.1508467868,4,FALSE
2005,"project",-13535.5058755875,4,FALSE
2005,"counterfactual",-28402.0293634012,4,FALSE
2005,"additionality",14866.5234878138,4,FALSE
2006,"project",-16045.5745222718,4,FALSE
2006,"counterfactual",-11601.8621790707,4,FALSE
2006,"additionality",-4443.71234320104,4,FALSE
2007,"project",-79944.9003631026,4,FALSE
2007,"counterfactual",-53937.6546563581,4,FALSE
2007,"additionality",-26007.2457067445,4,FALSE
2008,"project",-42540.1613232642,4,FALSE
2008,"counterfactual",-51516.6698656157,4,FALSE
2008,"additionality",8976.50854235142,4,FALSE
2009,"project",-60519.3795420453,4,FALSE
2009,"counterfactual",-79164.1065669432,4,FALSE
2009,"additionality",18644.7270248979,4,FALSE
2010,"project",-55179.5884126499,4,FALSE
2010,"counterfactual",-80893.3814174831,4,FALSE
2010,"additionality",25713.7930048332,4,FALSE
2011,"project",-264296.079884201,4,FALSE
2011,"counterfactual",-182134.563576333,4,FALSE
2011,"additionality",-82161.5163078681,4,FALSE
2012,"project",-32871.9428407103,4,FALSE
2012,"counterfactual",-58585.7358455285,4,FALSE
2012,"additionality",25713.7930048183,4,FALSE
2013,"project",-27647.4367013499,4,FALSE
2013,"counterfactual",-68227.7531939968,4,FALSE
2013,"additionality",40580.3164926469,4,FALSE
2014,"project",-97987.0013037175,4,TRUE
2014,"counterfactual",-88140.6151092872,4,TRUE
2014,"additionality",-9846.38619443029,4,TRUE
2015,"project",-127683.366691619,4,TRUE
2015,"counterfactual",-272366.029186711,4,TRUE
2015,"additionality",144682.662495092,4,TRUE
2016,"project",-37378.5379057527,4,TRUE
2016,"counterfactual",-399064.233236238,4,TRUE
2016,"additionality",361685.695330486,4,TRUE
2017,"project",-117899.863219015,4,TRUE
2017,"counterfactual",-681863.55402118,4,TRUE
2017,"additionality",563963.690802164,4,TRUE
2018,"project",-42603.044045113,4,TRUE
2018,"counterfactual",-248659.243053883,4,TRUE
2018,"additionality",206056.19900877,4,TRUE
2019,"project",-23203.724358134,4,TRUE
2019,"counterfactual",-361261.236958072,4,TRUE
2019,"additionality",338057.512599938,4,TRUE
2020,"project",-60608.4633979946,4,TRUE
2020,"counterfactual",-277999.273018003,4,TRUE
2020,"additionality",217390.809620008,4,TRUE
2021,"project",-93999.1886938438,4,TRUE
2021,"counterfactual",-238042.543516949,4,TRUE
2021,"additionality",144043.354823105,4,TRUE
1991,"project",0,5,FALSE
1991,"counterfactual",-21846.5056118146,5,FALSE
1991,"additionality",21846.5056118146,5,FALSE
1992,"project",0,5,FALSE
1992,"counterfactual",0,5,FALSE
1992,"additionality",0,5,FALSE
1993,"project",0,5,FALSE
1993,"counterfactual",-3867.28739301115,5,FALSE
1993,"additionality",3867.28739301115,5,FALSE
1994,"project",0,5,FALSE
1994,"counterfactual",0,5,FALSE
1994,"additionality",0,5,FALSE
1995,"project",0,5,FALSE
1995,"counterfactual",0,5,FALSE
1995,"additionality",0,5,FALSE
1996,"project",0,5,FALSE
1996,"counterfactual",-3867.2873930335,5,FALSE
1996,"additionality",3867.2873930335,5,FALSE
1997,"project",-59942.9545918778,5,FALSE
1997,"counterfactual",-48917.517362982,5,FALSE
1997,"additionality",-11025.4372288957,5,FALSE
1998,"project",-56447.7233030349,5,FALSE
1998,"counterfactual",-58009.3108953461,5,FALSE
1998,"additionality",1561.5875923112,5,FALSE
1999,"project",-1933.6436965242,5,FALSE
1999,"counterfactual",-34601.2176912501,5,FALSE
1999,"additionality",32667.5739947259,5,FALSE
2000,"project",-70187.5980246216,5,FALSE
2000,"counterfactual",-73274.0916214809,5,FALSE
2000,"additionality",3086.49359685928,5,FALSE
2001,"project",-78676.7654726803,5,FALSE
2001,"counterfactual",-82942.3101040348,5,FALSE
2001,"additionality",4265.54463135451,5,FALSE
2002,"project",-204185.438034102,5,FALSE
2002,"counterfactual",-104993.184561811,5,FALSE
2002,"additionality",-99192.2534722909,5,FALSE
2003,"project",0,5,FALSE
2003,"counterfactual",-5800.93108955026,5,FALSE
2003,"additionality",5800.93108955026,5,FALSE
2004,"project",-99716.2761542723,5,FALSE
2004,"counterfactual",-89623.5992992893,5,FALSE
2004,"additionality",-10092.676854983,5,FALSE
2005,"project",-12330.2537070438,5,FALSE
2005,"counterfactual",-20064.828493081,5,FALSE
2005,"additionality",7734.57478603721,5,FALSE
2006,"project",-13535.5058755577,5,FALSE
2006,"counterfactual",-21270.0806616247,5,FALSE
2006,"additionality",7734.57478606701,5,FALSE
2007,"project",-92814.8974325731,5,FALSE
2007,"counterfactual",-50851.1610594913,5,FALSE
2007,"additionality",-41963.7363730818,5,FALSE
2008,"project",-32871.9428407103,5,FALSE
2008,"counterfactual",-60519.3795420453,5,FALSE
2008,"additionality",27647.436701335,5,FALSE
2009,"project",-56075.6671988294,5,FALSE
2009,"counterfactual",-63810.241984874,5,FALSE
2009,"additionality",7734.57478604466,5,FALSE
2010,"project",-71544.8167709559,5,FALSE
2010,"counterfactual",-72697.6666713133,5,FALSE
2010,"additionality",1152.84990035743,5,FALSE
2011,"project",-248454.874207877,5,FALSE
2011,"counterfactual",-174578.15650215,5,FALSE
2011,"additionality",-73876.7177057266,5,FALSE
2012,"project",-39249.2988804355,5,FALSE
2012,"counterfactual",-68280.1554621905,5,FALSE
2012,"additionality",29030.856581755,5,FALSE
2013,"project",-34805.5865372121,5,FALSE
2013,"counterfactual",-61876.5982883796,5,FALSE
2013,"additionality",27071.0117511675,5,FALSE
2014,"project",-86898.6813530028,5,TRUE
2014,"counterfactual",-103520.68082545,5,TRUE
2014,"additionality",16621.9994724467,5,TRUE
2015,"project",-111522.507179312,5,TRUE
2015,"counterfactual",-278947.754072405,5,TRUE
2015,"additionality",167425.246893093,5,TRUE
2016,"project",-43090.3851393312,5,TRUE
2016,"counterfactual",-406054.695813864,5,TRUE
2016,"additionality",362964.310674533,5,TRUE
2017,"project",-164768.451895468,5,TRUE
2017,"counterfactual",-689189.3911153,5,TRUE
2017,"additionality",524420.939219832,5,TRUE
2018,"project",-48466.8578564674,5,TRUE
2018,"counterfactual",-246395.4650677,5,TRUE
2018,"additionality",197928.607211232,5,TRUE
2019,"project",-14111.930825755,5,TRUE
2019,"counterfactual",-368188.816813864,5,TRUE
2019,"additionality",354076.885988109,5,TRUE
2020,"project",-70276.6818805486,5,TRUE
2020,"counterfactual",-265910.069744706,5,TRUE
2020,"additionality",195633.387864158,5,TRUE
2021,"project",-90372.9517345354,5,TRUE
2021,"counterfactual",-233750.797751509,5,TRUE
2021,"additionality",143377.846016973,5,TRUE
1991,"project",0,6,FALSE
1991,"counterfactual",-17979.218218796,6,FALSE
1991,"additionality",17979.218218796,6,FALSE
1992,"project",0,6,FALSE
1992,"counterfactual",0,6,FALSE
1992,"additionality",0,6,FALSE
1993,"project",0,6,FALSE
1993,"counterfactual",-3867.2873930186,6,FALSE
1993,"additionality",3867.2873930186,6,FALSE
1994,"project",0,6,FALSE
1994,"counterfactual",0,6,FALSE
1994,"additionality",0,6,FALSE
1995,"project",0,6,FALSE
1995,"counterfactual",0,6,FALSE
1995,"additionality",0,6,FALSE
1996,"project",0,6,FALSE
1996,"counterfactual",-3867.28739301115,6,FALSE
1996,"additionality",3867.28739301115,6,FALSE
1997,"project",-44473.8050197735,6,FALSE
1997,"counterfactual",-33448.3677908778,6,FALSE
1997,"additionality",-11025.4372288957,6,FALSE
1998,"project",-46983.8736664802,6,FALSE
1998,"counterfactual",-33448.3677908778,6,FALSE
1998,"additionality",-13535.5058756024,6,FALSE
1999,"project",-5800.9310895279,6,FALSE
1999,"counterfactual",-30733.9302982315,6,FALSE
1999,"additionality",24932.9992087036,6,FALSE
2000,"project",-75207.7353179902,6,FALSE
2000,"counterfactual",-59738.585745886,6,FALSE
2000,"additionality",-15469.1495721042,6,FALSE
2001,"project",-74631.3103678152,6,FALSE
2001,"counterfactual",-72697.6666712984,6,FALSE
2001,"additionality",-1933.64369651675,6,FALSE
2002,"project",-186871.728621423,6,FALSE
2002,"counterfactual",-89613.1188456714,6,FALSE
2002,"additionality",-97258.6097757518,6,FALSE
2003,"project",0,6,FALSE
2003,"counterfactual",-3867.2873930186,6,FALSE
2003,"additionality",3867.2873930186,6,FALSE
2004,"project",-52334.1452495083,6,FALSE
2004,"counterfactual",-79352.7547324747,6,FALSE
2004,"additionality",27018.6094829664,6,FALSE
2005,"project",-17402.7932685986,6,FALSE
2005,"counterfactual",-18733.8108808398,6,FALSE
2005,"additionality",1331.01761224121,6,FALSE
2006,"project",-7734.57478606701,6,FALSE
2006,"counterfactual",-17402.7932685912,6,FALSE
2006,"additionality",9668.21848252416,6,FALSE
2007,"project",-83146.6789499968,6,FALSE
2007,"counterfactual",-46203.0798703134,6,FALSE
2007,"additionality",-36943.5990796834,6,FALSE
2008,"project",-38672.8739302382,6,FALSE
2008,"counterfactual",-52784.8047559932,6,FALSE
2008,"additionality",14111.930825755,6,FALSE
2009,"project",-56075.6671988443,6,FALSE
2009,"counterfactual",-64475.7507910207,6,FALSE
2009,"additionality",8400.08359217644,6,FALSE
2010,"project",-70559.6541288272,6,FALSE
2010,"counterfactual",-66115.9417855963,6,FALSE
2010,"additionality",-4443.71234323084,6,FALSE
2011,"project",-238210.230775148,6,FALSE
2011,"counterfactual",-150708.923337884,6,FALSE
2011,"additionality",-87501.3074372634,6,FALSE
2012,"project",-23869.2331642583,6,FALSE
2012,"counterfactual",-59942.9545918778,6,FALSE
2012,"additionality",36073.7214276195,6,FALSE
2013,"project",-27647.4367013425,6,FALSE
2013,"counterfactual",-76564.954064317,6,FALSE
2013,"additionality",48917.5173629746,6,FALSE
2014,"project",-92673.4113084301,6,TRUE
2014,"counterfactual",-99627.1922983304,6,TRUE
2014,"additionality",6953.78098990023,6,TRUE
2015,"project",-114121.659681946,6,TRUE
2015,"counterfactual",-278166.960276261,6,TRUE
2015,"additionality",164045.300594315,6,TRUE
2016,"project",-44421.4027515799,6,TRUE
2016,"counterfactual",-409921.983206876,6,TRUE
2016,"additionality",365500.580455296,6,TRUE
2017,"project",-166764.978313789,6,TRUE
2017,"counterfactual",-672284.419394575,6,TRUE
2017,"additionality",505519.441080786,6,TRUE
2018,"project",-49006.6012189239,6,TRUE
2018,"counterfactual",-243576.223038651,6,TRUE
2018,"additionality",194569.621819727,6,TRUE
2019,"project",-23780.1493083164,6,TRUE
2019,"counterfactual",-370389.712078184,6,TRUE
2019,"additionality",346609.562769867,6,TRUE
2020,"project",-61876.5982883871,6,TRUE
2020,"counterfactual",-277129.395365931,6,TRUE
2020,"additionality",215252.797077544,6,TRUE
2021,"project",-93957.2668792754,6,TRUE
2021,"counterfactual",-259925.730716489,6,TRUE
2021,"additionality",165968.463837214,6,TRUE
1991,"project",0,7,FALSE
1991,"counterfactual",-16045.5745222792,7,FALSE
1991,"additionality",16045.5745222792,7,FALSE
1992,"project",0,7,FALSE
1992,"counterfactual",0,7,FALSE
1992,"additionality",0,7,FALSE
1993,"project",0,7,FALSE
1993,"counterfactual",-3867.2873930186,7,FALSE
1993,"additionality",3867.2873930186,7,FALSE
1994,"project",0,7,FALSE
1994,"counterfactual",0,7,FALSE
1994,"additionality",0,7,FALSE
1995,"project",0,7,FALSE
1995,"counterfactual",0,7,FALSE
1995,"additionality",0,7,FALSE
1996,"project",0,7,FALSE
1996,"counterfactual",-1933.64369651675,7,FALSE
1996,"additionality",1933.64369651675,7,FALSE
1997,"project",-37315.6551838964,7,FALSE
1997,"counterfactual",-58585.7358455434,7,FALSE
1997,"additionality",21270.080661647,7,FALSE
1998,"project",-59942.9545918778,7,FALSE
1998,"counterfactual",-40606.5176267326,7,FALSE
1998,"additionality",-19336.4369651452,7,FALSE
1999,"project",-3867.2873930186,7,FALSE
1999,"counterfactual",-30733.9302982166,7,FALSE
1999,"additionality",26866.642905198,7,FALSE
2000,"project",-59942.9545918554,7,FALSE
2000,"counterfactual",-84095.1600044072,7,FALSE
2000,"additionality",24152.2054125518,7,FALSE
2001,"project",-65539.5168354437,7,FALSE
2001,"counterfactual",-57228.5170991868,7,FALSE
2001,"additionality",-8310.9997362569,7,FALSE
2002,"project",-221588.231302716,7,FALSE
2002,"counterfactual",-65743.8856814057,7,FALSE
2002,"additionality",-155844.34562131,7,FALSE
2003,"project",0,7,FALSE
2003,"counterfactual",-5800.93108955026,7,FALSE
2003,"additionality",5800.93108955026,7,FALSE
2004,"project",-65780.5672691464,7,FALSE
2004,"counterfactual",-65151.7400507405,7,FALSE
2004,"additionality",-628.827218405902,7,FALSE
2005,"project",-18644.727024883,7,FALSE
2005,"counterfactual",-20667.454577364,7,FALSE
2005,"additionality",2022.727552481,7,FALSE
2006,"project",-12267.370985195,7,FALSE
2006,"counterfactual",-21270.0806616396,7,FALSE
2006,"additionality",9002.70967644453,7,FALSE
2007,"project",-108079.678158686,7,FALSE
2007,"counterfactual",-57228.5170991942,7,FALSE
2007,"additionality",-50851.1610594913,7,FALSE
2008,"project",-54781.3311743587,7,FALSE
2008,"counterfactual",-73478.4604674503,7,FALSE
2008,"additionality",18697.1292930916,7,FALSE
2009,"project",-47649.3824725896,7,FALSE
2009,"counterfactual",-68253.9543281049,7,FALSE
2009,"additionality",20604.5718555152,7,FALSE
2010,"project",-95209.6810892075,7,FALSE
2010,"counterfactual",-90765.968745999,7,FALSE
2010,"additionality",-4443.71234320849,7,FALSE
2011,"project",-245253.095620997,7,FALSE
2011,"counterfactual",-195093.644501731,7,FALSE
2011,"additionality",-50159.4511192665,7,FALSE
2012,"project",-38672.8739302531,7,FALSE
2012,"counterfactual",-75988.5291141495,7,FALSE
2012,"additionality",37315.6551838964,7,FALSE
2013,"project",-59738.585745886,7,FALSE
2013,"counterfactual",-81674.1752136424,7,FALSE
2013,"additionality",21935.5894677565,7,FALSE
2014,"project",-117632.611651212,7,TRUE
2014,"counterfactual",-112984.530462034,7,TRUE
2014,"additionality",-4648.08118917793,7,TRUE
2015,"project",-120525.216855749,7,TRUE
2015,"counterfactual",-260968.535853632,7,TRUE
2015,"additionality",140443.318997882,7,TRUE
2016,"project",-47623.1813384891,7,TRUE
2016,"counterfactual",-397104.388405606,7,TRUE
2016,"additionality",349481.207067117,7,TRUE
2017,"project",-153397.159696452,7,TRUE
2017,"counterfactual",-668993.556951739,7,TRUE
2017,"additionality",515596.397255287,7,TRUE
2018,"project",-52245.0613935515,7,TRUE
2018,"counterfactual",-244907.24065087,7,TRUE
2018,"additionality",192662.179257318,7,TRUE
2019,"project",-24534.7419703752,7,TRUE
2019,"counterfactual",-366983.564645305,7,TRUE
2019,"additionality",342448.82267493,7,TRUE
2020,"project",-52784.8047560081,7,TRUE
2020,"counterfactual",-271915.369680218,7,TRUE
2020,"additionality",219130.56492421,7,TRUE
2021,"project",-96016.6760194898,7,TRUE
2021,"counterfactual",-248564.918971114,7,TRUE
2021,"additionality",152548.242951624,7,TRUE
1991,"project",0,8,FALSE
1991,"counterfactual",-19132.0681191459,8,FALSE
1991,"additionality",19132.0681191459,8,FALSE
1992,"project",0,8,FALSE
1992,"counterfactual",0,8,FALSE
1992,"additionality",0,8,FALSE
1993,"project",0,8,FALSE
1993,"counterfactual",-5800.93108954281,8,FALSE
1993,"additionality",5800.93108954281,8,FALSE
1994,"project",0,8,FALSE
1994,"counterfactual",0,8,FALSE
1994,"additionality",0,8,FALSE
1995,"project",0,8,FALSE
1995,"counterfactual",0,8,FALSE
1995,"additionality",0,8,FALSE
1996,"project",0,8,FALSE
1996,"counterfactual",-2510.06864668429,8,FALSE
1996,"additionality",2510.06864668429,8,FALSE
1997,"project",-77345.7478604689,8,FALSE
1997,"counterfactual",-48917.517362982,8,FALSE
1997,"additionality",-28428.2304974869,8,FALSE
1998,"project",-72697.6666713059,8,FALSE
1998,"counterfactual",-58585.735845536,8,FALSE
1998,"additionality",-14111.9308257699,8,FALSE
1999,"project",-5800.9310895279,8,FALSE
1999,"counterfactual",-34024.7927410528,8,FALSE
1999,"additionality",28223.8616515249,8,FALSE
2000,"project",-71544.8167709485,8,FALSE
2000,"counterfactual",-73478.4604674578,8,FALSE
2000,"additionality",1933.6436965093,8,FALSE
2001,"project",-38672.8739302382,8,FALSE
2001,"counterfactual",-75412.1041639671,8,FALSE
2001,"additionality",36739.2302337289,8,FALSE
2002,"project",-211432.671725899,8,FALSE
2002,"counterfactual",-87679.4751491472,8,FALSE
2002,"additionality",-123753.196576752,8,FALSE
2003,"project",0,8,FALSE
2003,"counterfactual",-5800.93108954281,8,FALSE
2003,"additionality",5800.93108954281,8,FALSE
2004,"project",-59827.6696018353,8,FALSE
2004,"counterfactual",-82004.3095032796,8,FALSE
2004,"additionality",22176.6399014443,8,FALSE
2005,"project",-12932.879791297,8,FALSE
2005,"counterfactual",-13535.5058755651,8,FALSE
2005,"additionality",602.626084268093,8,FALSE
2006,"project",-21270.0806616321,8,FALSE
2006,"counterfactual",-30938.2991442084,8,FALSE
2006,"additionality",9668.21848257631,8,FALSE
2007,"project",-77345.7478604689,8,FALSE
2007,"counterfactual",-50070.3672633395,8,FALSE
2007,"additionality",-27275.3805971295,8,FALSE
2008,"project",-38672.8739302382,8,FALSE
2008,"counterfactual",-57983.1097612455,8,FALSE
2008,"additionality",19310.2358310074,8,FALSE
2009,"project",-61876.5982883945,8,FALSE
2009,"counterfactual",-52208.3798058331,8,FALSE
2009,"additionality",-9668.21848256141,8,FALSE
2010,"project",-75207.7353179902,8,FALSE
2010,"counterfactual",-64963.0918852538,8,FALSE
2010,"additionality",-10244.6434327364,8,FALSE
2011,"project",-240720.299421847,8,FALSE
2011,"counterfactual",-182338.93242228,8,FALSE
2011,"additionality",-58381.3669995666,8,FALSE
2012,"project",-46407.4487162903,8,FALSE
2012,"counterfactual",-63029.4481887519,8,FALSE
2012,"additionality",16621.9994724616,8,FALSE
2013,"project",-32667.5739947334,8,FALSE
2013,"counterfactual",-84068.9588702768,8,FALSE
2013,"additionality",51401.3848755434,8,FALSE
2014,"project",-91227.1087061688,8,TRUE
2014,"counterfactual",-91829.7347904667,8,TRUE
2014,"additionality",602.626084297895,8,TRUE
2015,"project",-118654.455881074,8,TRUE
2015,"counterfactual",-275950.344331466,8,TRUE
2015,"additionality",157295.888450392,8,TRUE
2016,"project",-40580.3164926395,8,TRUE
2016,"counterfactual",-381724.322689451,8,TRUE
2016,"additionality",341144.006196812,8,TRUE
2017,"project",-136455.506388009,8,TRUE
2017,"counterfactual",-673143.816593006,8,TRUE
2017,"additionality",536688.310204998,8,TRUE
2018,"project",-46444.1303040162,8,TRUE
2018,"counterfactual",-242769.228108414,8,TRUE
2018,"additionality",196325.097804397,8,TRUE
2019,"project",-25776.6757266819,8,TRUE
2019,"counterfactual",-349669.855232626,8,TRUE
2019,"additionality",323893.179505944,8,TRUE
2020,"project",-68164.8704721257,8,TRUE
2020,"counterfactual",-269892.642127775,8,TRUE
2020,"additionality",201727.771655649,8,TRUE
2021,"project",-102435.953873776,8,TRUE
2021,"counterfactual",-273707.5272526,8,TRUE
2021,"additionality",171271.573378824,8,TRUE
1991,"project",0,9,FALSE
1991,"counterfactual",-16045.5745222792,9,FALSE
1991,"additionality",16045.5745222792,9,FALSE
1992,"project",0,9,FALSE
1992,"counterfactual",0,9,FALSE
1992,"additionality",0,9,FALSE
1993,"project",0,9,FALSE
1993,"counterfactual",-3867.2873930335,9,FALSE
1993,"additionality",3867.2873930335,9,FALSE
1994,"project",0,9,FALSE
1994,"counterfactual",0,9,FALSE
1994,"additionality",0,9,FALSE
1995,"project",0,9,FALSE
1995,"counterfactual",0,9,FALSE
1995,"additionality",0,9,FALSE
1996,"project",0,9,FALSE
1996,"counterfactual",-5800.9310895279,9,FALSE
1996,"additionality",5800.9310895279,9,FALSE
1997,"project",-56652.0921490118,9,FALSE
1997,"counterfactual",-42540.1613232717,9,FALSE
1997,"additionality",-14111.9308257401,9,FALSE
1998,"project",-77922.1728106663,9,FALSE
1998,"counterfactual",-32871.9428406954,9,FALSE
1998,"additionality",-45050.2299699709,9,FALSE
1999,"project",-1933.6436965093,9,FALSE
1999,"counterfactual",-35958.4364375621,9,FALSE
1999,"additionality",34024.7927410528,9,FALSE
2000,"project",-86233.1725468934,9,FALSE
2000,"counterfactual",-75207.7353179976,9,FALSE
2000,"additionality",-11025.4372288957,9,FALSE
2001,"project",-72121.2417211011,9,FALSE
2001,"counterfactual",-75207.7353179827,9,FALSE
2001,"additionality",3086.49359688163,9,FALSE
2002,"project",-190073.50720834,9,FALSE
2002,"counterfactual",-90881.2537360713,9,FALSE
2002,"additionality",-99192.2534722686,9,FALSE
2003,"project",0,9,FALSE
2003,"counterfactual",-1933.64369650185,9,FALSE
2003,"additionality",1933.64369650185,9,FALSE
2004,"project",-48954.1989507228,9,FALSE
2004,"counterfactual",-74269.7347172201,9,FALSE
2004,"additionality",25315.5357664973,9,FALSE
2005,"project",-9065.59239825606,9,FALSE
2005,"counterfactual",-20001.9457712546,9,FALSE
2005,"additionality",10936.3533729985,9,FALSE
2006,"project",-7734.57478605956,9,FALSE
2006,"counterfactual",-19336.4369651228,9,FALSE
2006,"additionality",11601.8621790633,9,FALSE
2007,"project",-93391.322382763,9,FALSE
2007,"counterfactual",-36739.2302337065,9,FALSE
2007,"additionality",-56652.0921490565,9,FALSE
2008,"project",-41272.0264328793,9,FALSE
2008,"counterfactual",-72121.241721116,9,FALSE
2008,"additionality",30849.2152882367,9,FALSE
2009,"project",-72121.2417210862,9,FALSE
2009,"counterfactual",-66896.7355817705,9,FALSE
2009,"additionality",-5224.50613931566,9,FALSE
2010,"project",-98296.1746860966,9,FALSE
2010,"counterfactual",-88627.9562035426,9,FALSE
2010,"additionality",-9668.21848255396,9,FALSE
2011,"project",-233766.518431976,9,FALSE
2011,"counterfactual",-177114.426282957,9,FALSE
2011,"additionality",-56652.0921490192,9,FALSE
2012,"project",-43116.5862734318,9,FALSE
2012,"counterfactual",-85080.3226464987,9,FALSE
2012,"additionality",41963.7363730669,9,FALSE
2013,"project",-25713.7930048332,9,FALSE
2013,"counterfactual",-61184.8883481771,9,FALSE
2013,"additionality",35471.0953433439,9,FALSE
2014,"project",-90252.4265176803,9,TRUE
2014,"counterfactual",-79137.9054328427,9,TRUE
2014,"additionality",-11114.5210848376,9,TRUE
2015,"project",-130104.351482376,9,TRUE
2015,"counterfactual",-274095.304037265,9,TRUE
2015,"additionality",143990.952554889,9,TRUE
2016,"project",-32882.4232943356,9,TRUE
2016,"counterfactual",-406835.489610009,9,TRUE
2016,"additionality",373953.066315673,9,TRUE
2017,"project",-162373.668238811,9,TRUE
2017,"counterfactual",-672080.050548583,9,TRUE
2017,"additionality",509706.382309772,9,TRUE
2018,"project",-41848.4513830468,9,TRUE
2018,"counterfactual",-240285.360595822,9,TRUE
2018,"additionality",198436.909212776,9,TRUE
2019,"project",-20001.9457712248,9,TRUE
2019,"counterfactual",-355434.104734428,9,TRUE
2019,"additionality",335432.158963203,9,TRUE
2020,"project",-63144.7331787795,9,TRUE
2020,"counterfactual",-272979.135724641,9,TRUE
2020,"additionality",209834.402545862,9,TRUE
2021,"project",-116228.230863504,9,TRUE
2021,"counterfactual",-230344.650318615,9,TRUE
2021,"additionality",114116.419455111,9,TRUE
1991,"project",0,10,FALSE
1991,"counterfactual",-13535.50587558,10,FALSE
1991,"additionality",13535.50587558,10,FALSE
1992,"project",0,10,FALSE
1992,"counterfactual",0,10,FALSE
1992,"additionality",0,10,FALSE
1993,"project",0,10,FALSE
1993,"counterfactual",-5800.9310895279,10,FALSE
1993,"additionality",5800.9310895279,10,FALSE
1994,"project",0,10,FALSE
1994,"counterfactual",0,10,FALSE
1994,"additionality",0,10,FALSE
1995,"project",0,10,FALSE
1995,"counterfactual",0,10,FALSE
1995,"additionality",0,10,FALSE
1996,"project",0,10,FALSE
1996,"counterfactual",0,10,FALSE
1996,"additionality",0,10,FALSE
1997,"project",-46407.4487162903,10,FALSE
1997,"counterfactual",-50851.1610594913,10,FALSE
1997,"additionality",4443.71234320104,10,FALSE
1998,"project",-69611.1730744392,10,FALSE
1998,"counterfactual",-32871.9428406954,10,FALSE
1998,"additionality",-36739.2302337438,10,FALSE
1999,"project",-1933.6436965093,10,FALSE
1999,"counterfactual",-34024.7927410752,10,FALSE
1999,"additionality",32091.1490445659,10,FALSE
2000,"project",-64386.6669350788,10,FALSE
2000,"counterfactual",-80432.2414573282,10,FALSE
2000,"additionality",16045.5745222494,10,FALSE
2001,"project",-93391.3223827332,10,FALSE
2001,"counterfactual",-77717.8039646968,10,FALSE
2001,"additionality",-15673.5184180364,10,FALSE
2002,"project",-187359.069715686,10,FALSE
2002,"counterfactual",-90881.2537360489,10,FALSE
2002,"additionality",-96477.8159796372,10,FALSE
2003,"project",0,10,FALSE
2003,"counterfactual",-7734.57478605956,10,FALSE
2003,"additionality",7734.57478605956,10,FALSE
2004,"project",-49734.9927468672,10,FALSE
2004,"counterfactual",-68379.7197717577,10,FALSE
2004,"additionality",18644.7270248905,10,FALSE
2005,"project",-13535.5058755726,10,FALSE
2005,"counterfactual",-24534.7419703752,10,FALSE
2005,"additionality",10999.2360948026,10,FALSE
2006,"project",-13535.50587558,10,FALSE
2006,"counterfactual",-27071.0117511824,10,FALSE
2006,"additionality",13535.5058756024,10,FALSE
2007,"project",-91457.6786862388,10,FALSE
2007,"counterfactual",-35958.4364375621,10,FALSE
2007,"additionality",-55499.2422486767,10,FALSE
2008,"project",-32180.2329005003,10,FALSE
2008,"counterfactual",-45139.313825883,10,FALSE
2008,"additionality",12959.0809253827,10,FALSE
2009,"project",-55960.3822087944,10,FALSE
2009,"counterfactual",-62453.0232385546,10,FALSE
2009,"additionality",6492.64102976024,10,FALSE
2010,"project",-61761.3132983521,10,FALSE
2010,"counterfactual",-70853.1068307236,10,FALSE
2010,"additionality",9091.79353237152,10,FALSE
2011,"project",-256854.957800075,10,FALSE
2011,"counterfactual",-185310.141029149,10,FALSE
2011,"additionality",-71544.8167709261,10,FALSE
2012,"project",-32871.9428407103,10,FALSE
2012,"counterfactual",-64360.4658009633,10,FALSE
2012,"additionality",31488.5229602531,10,FALSE
2013,"project",-35843.1514475271,10,FALSE
2013,"counterfactual",-68919.4631342068,10,FALSE
2013,"additionality",33076.3116866797,10,FALSE
2014,"project",-86296.0552686974,10,TRUE
2014,"counterfactual",-84184.2438603193,10,TRUE
2014,"additionality",-2111.81140837818,10,TRUE
2015,"project",-98076.0851596668,10,TRUE
2015,"counterfactual",-277412.36761421,10,TRUE
2015,"additionality",179336.282454543,10,TRUE
2016,"project",-43551.525099501,10,TRUE
2016,"counterfactual",-409397.960524909,10,TRUE
2016,"additionality",365846.435425408,10,TRUE
2017,"project",-136020.567561947,10,TRUE
2017,"counterfactual",-690724.777573489,10,TRUE
2017,"additionality",554704.210011542,10,TRUE
2018,"project",-51579.5525874197,10,TRUE
2018,"counterfactual",-233153.411894053,10,TRUE
2018,"additionality",181573.859306633,10,TRUE
2019,"project",-28978.4543135911,10,TRUE
2019,"counterfactual",-370300.628222242,10,TRUE
2019,"additionality",341322.173908651,10,TRUE
2020,"project",-83146.6789500043,10,TRUE
2020,"counterfactual",-283312.863013305,10,TRUE
2020,"additionality",200166.1840633,10,TRUE
2021,"project",-105061.307510488,10,TRUE
2021,"counterfactual",-253317.804696701,10,TRUE
2021,"additionality",148256.497186214,10,TRUE
1991,"project",0,11,FALSE
1991,"counterfactual",-19912.8619153127,11,FALSE
1991,"additionality",19912.8619153127,11,FALSE
1992,"project",0,11,FALSE
1992,"counterfactual",-1933.64369650185,11,FALSE
1992,"additionality",1933.64369650185,11,FALSE
1993,"project",0,11,FALSE
1993,"counterfactual",0,11,FALSE
1993,"additionality",0,11,FALSE
1994,"project",0,11,FALSE
1994,"counterfactual",0,11,FALSE
1994,"additionality",0,11,FALSE
1995,"project",0,11,FALSE
1995,"counterfactual",0,11,FALSE
1995,"additionality",0,11,FALSE
1996,"project",0,11,FALSE
1996,"counterfactual",-3867.28739301115,11,FALSE
1996,"additionality",3867.28739301115,11,FALSE
1997,"project",-61876.5982883871,11,FALSE
1997,"counterfactual",-50646.7922135219,11,FALSE
1997,"additionality",-11229.8060748652,11,FALSE
1998,"project",-59162.160795711,11,FALSE
1998,"counterfactual",-42540.1613232717,11,FALSE
1998,"additionality",-16621.9994724393,11,FALSE
1999,"project",-3867.2873930186,11,FALSE
1999,"counterfactual",-32091.1490445435,11,FALSE
1999,"additionality",28223.8616515249,11,FALSE
2000,"project",-72121.2417211458,11,FALSE
2000,"counterfactual",-72697.6666712984,11,FALSE
2000,"additionality",576.424950152636,11,FALSE
2001,"project",-84299.5288503543,11,FALSE
2001,"counterfactual",-66896.7355817631,11,FALSE
2001,"additionality",-17402.7932685912,11,FALSE
2002,"project",-175269.86644236,11,FALSE
2002,"counterfactual",-93480.4062386751,11,FALSE
2002,"additionality",-81789.4602036849,11,FALSE
2003,"project",0,11,FALSE
2003,"counterfactual",-7734.57478604466,11,FALSE
2003,"additionality",7734.57478604466,11,FALSE
2004,"project",-52821.4863437414,11,FALSE
2004,"counterfactual",-86421.8207124025,11,FALSE
2004,"additionality",33600.334368661,11,FALSE
2005,"project",-28978.4543135688,11,FALSE
2005,"counterfactual",-16800.1671843305,11,FALSE
2005,"additionality",-12178.2871292382,11,FALSE
2006,"project",-6466.43989565969,11,FALSE
2006,"counterfactual",-21270.0806616321,11,FALSE
2006,"additionality",14803.6407659724,11,FALSE
2007,"project",-87590.3912932053,11,FALSE
2007,"counterfactual",-54718.4484525099,11,FALSE
2007,"additionality",-32871.9428406954,11,FALSE
2008,"project",-35471.0953433216,11,FALSE
2008,"counterfactual",-54807.5323084369,11,FALSE
2008,"additionality",19336.4369651154,11,FALSE
2009,"project",-61095.8044922352,11,FALSE
2009,"counterfactual",-60519.3795420527,11,FALSE
2009,"additionality",-576.424950182438,11,FALSE
2010,"project",-83607.8189101592,11,FALSE
2010,"counterfactual",-89408.749999702,11,FALSE
2010,"additionality",5800.93108954281,11,FALSE
2011,"project",-216940.15011353,11,FALSE
2011,"counterfactual",-145484.417198516,11,FALSE
2011,"additionality",-71455.732915014,11,FALSE
2012,"project",-48341.0924127996,11,FALSE
2012,"counterfactual",-65743.8856814057,11,FALSE
2012,"additionality",17402.7932686061,11,FALSE
2013,"project",-28978.4543135837,11,FALSE
2013,"counterfactual",-56075.6671988443,11,FALSE
2013,"additionality",27097.2128852606,11,FALSE
2014,"project",-66985.8194376826,11,TRUE
2014,"counterfactual",-88140.6151092872,11,TRUE
2014,"additionality",21154.7956716046,11,TRUE
2015,"project",-121767.150612056,11,TRUE
2015,"counterfactual",-278947.75407242,11,TRUE
2015,"additionality",157180.603460364,11,TRUE
2016,"project",-45050.2299699485,11,TRUE
2016,"counterfactual",-397796.098345831,11,TRUE
2016,"additionality",352745.868375883,11,TRUE
2017,"project",-171287.294059314,11,TRUE
2017,"counterfactual",-669968.239140205,11,TRUE
2017,"additionality",498680.945080891,11,TRUE
2018,"project",-46470.3314381018,11,TRUE
2018,"counterfactual",-247532.594287619,11,TRUE
2018,"additionality",201062.262849517,11,TRUE
2019,"project",-22601.0982738808,11,TRUE
2019,"counterfactual",-363834.188326597,11,TRUE
2019,"additionality",341233.090052716,11,TRUE
2020,"project",-73389.3766115084,11,TRUE
2020,"counterfactual",-276474.367013454,11,TRUE
2020,"additionality",203084.990401946,11,TRUE
2021,"project",-79693.369475767,11,TRUE
2021,"counterfactual",-256278.5328499,11,TRUE
2021,"additionality",176585.163374133,11,TRUE
1991,"project",0,12,FALSE
1991,"counterfactual",-32091.1490445435,12,FALSE
1991,"additionality",32091.1490445435,12,FALSE
1992,"project",0,12,FALSE
1992,"counterfactual",0,12,FALSE
1992,"additionality",0,12,FALSE
1993,"project",0,12,FALSE
1993,"counterfactual",-1933.6436965242,12,FALSE
1993,"additionality",1933.6436965242,12,FALSE
1994,"project",0,12,FALSE
1994,"counterfactual",0,12,FALSE
1994,"additionality",0,12,FALSE
1995,"project",0,12,FALSE
1995,"counterfactual",0,12,FALSE
1995,"additionality",0,12,FALSE
1996,"project",0,12,FALSE
1996,"counterfactual",-1933.6436965093,12,FALSE
1996,"additionality",1933.6436965093,12,FALSE
1997,"project",-92814.8974325508,12,FALSE
1997,"counterfactual",-61876.5982883722,12,FALSE
1997,"additionality",-30938.2991441786,12,FALSE
1998,"project",-64386.6669350788,12,FALSE
1998,"counterfactual",-51427.5860096738,12,FALSE
1998,"additionality",-12959.080925405,12,FALSE
1999,"project",0,12,FALSE
1999,"counterfactual",-25022.0830646157,12,FALSE
1999,"additionality",25022.0830646157,12,FALSE
2000,"project",-68830.3792782798,12,FALSE
2000,"counterfactual",-73274.0916214734,12,FALSE
2000,"additionality",4443.71234319359,12,FALSE
2001,"project",-65052.1757411882,12,FALSE
2001,"counterfactual",-58009.3108953536,12,FALSE
2001,"additionality",-7042.86484583467,12,FALSE
2002,"project",-214430.081466846,12,FALSE
2002,"counterfactual",-87590.3912932202,12,FALSE
2002,"additionality",-126839.690173626,12,FALSE
2003,"project",0,12,FALSE
2003,"counterfactual",-4443.71234320849,12,FALSE
2003,"additionality",4443.71234320849,12,FALSE
2004,"project",-61797.994886063,12,FALSE
2004,"counterfactual",-92311.8356578574,12,FALSE
2004,"additionality",30513.8407717943,12,FALSE
2005,"project",-19399.3196869642,12,FALSE
2005,"counterfactual",-21935.589467749,12,FALSE
2005,"additionality",2536.26978078485,12,FALSE
2006,"project",-21846.505611822,12,FALSE
2006,"counterfactual",-27071.0117511675,12,FALSE
2006,"additionality",5224.50613934547,12,FALSE
2007,"project",-83812.1877561212,12,FALSE
2007,"counterfactual",-48917.517362982,12,FALSE
2007,"additionality",-34894.6703931391,12,FALSE
2008,"project",-50851.1610594839,12,FALSE
2008,"counterfactual",-50940.2449154183,12,FALSE
2008,"additionality",89.0838559344411,12,FALSE
2009,"project",-60608.4633979797,12,FALSE
2009,"counterfactual",-77345.7478604689,12,FALSE
2009,"additionality",16737.2844624892,12,FALSE
2010,"project",-86809.5974970534,12,FALSE
2010,"counterfactual",-77717.8039646819,12,FALSE
2010,"additionality",-9091.79353237152,12,FALSE
2011,"project",-248826.930312119,12,FALSE
2011,"counterfactual",-163002.49545718,12,FALSE
2011,"additionality",-85824.4348549396,12,FALSE
2012,"project",-29004.6554476768,12,FALSE
2012,"counterfactual",-66320.3106315881,12,FALSE
2012,"additionality",37315.6551839113,12,FALSE
2013,"project",-25713.7930048406,12,FALSE
2013,"counterfactual",-64847.8068952113,12,FALSE
2013,"additionality",39134.0138903707,12,FALSE
2014,"project",-68023.38434802,12,TRUE
2014,"counterfactual",-86489.943661049,12,TRUE
2014,"additionality",18466.5593130291,12,TRUE
2015,"project",-126299.946811199,12,TRUE
2015,"counterfactual",-284429.031325936,12,TRUE
2015,"additionality",158129.084514737,12,TRUE
2016,"project",-29565.3597173914,12,TRUE
2016,"counterfactual",-397591.729499847,12,TRUE
2016,"additionality",368026.369782455,12,TRUE
2017,"project",-159685.431880228,12,TRUE
2017,"counterfactual",-686742.205190443,12,TRUE
2017,"additionality",527056.773310214,12,TRUE
2018,"project",-36713.0290996283,12,TRUE
2018,"counterfactual",-229862.54945121,12,TRUE
2018,"additionality",193149.520351581,12,TRUE
2019,"project",-27647.4367013499,12,TRUE
2019,"counterfactual",-355407.90360032,12,TRUE
2019,"additionality",327760.46689897,12,TRUE
2020,"project",-52093.0948157907,12,TRUE
2020,"counterfactual",-285042.137863845,12,TRUE
2020,"additionality",232949.043048054,12,TRUE
2021,"project",-85661.987823531,12,TRUE
2021,"counterfactual",-244021.642318361,12,TRUE
2021,"additionality",158359.654494829,12,TRUE
1991,"project",0,13,FALSE
1991,"counterfactual",-17979.2182188034,13,FALSE
1991,"additionality",17979.2182188034,13,FALSE
1992,"project",0,13,FALSE
1992,"counterfactual",-1933.6436965242,13,FALSE
1992,"additionality",1933.6436965242,13,FALSE
1993,"project",0,13,FALSE
1993,"counterfactual",-7734.57478603721,13,FALSE
1993,"additionality",7734.57478603721,13,FALSE
1994,"project",0,13,FALSE
1994,"counterfactual",0,13,FALSE
1994,"additionality",0,13,FALSE
1995,"project",0,13,FALSE
1995,"counterfactual",0,13,FALSE
1995,"additionality",0,13,FALSE
1996,"project",0,13,FALSE
1996,"counterfactual",-7734.57478603721,13,FALSE
1996,"additionality",7734.57478603721,13,FALSE
1997,"project",-61876.5982883796,13,FALSE
1997,"counterfactual",-61095.8044922203,13,FALSE
1997,"additionality",-780.793796159327,13,FALSE
1998,"project",-58009.3108953461,13,FALSE
1998,"counterfactual",-46407.4487163052,13,FALSE
1998,"additionality",-11601.8621790409,13,FALSE
1999,"project",-8887.42468640953,13,FALSE
1999,"counterfactual",-31514.7240943685,13,FALSE
1999,"additionality",22627.299407959,13,FALSE
2000,"project",-70187.5980246142,13,FALSE
2000,"counterfactual",-73274.0916214734,13,FALSE
2000,"additionality",3086.49359685928,13,FALSE
2001,"project",-88166.8162434027,13,FALSE
2001,"counterfactual",-57804.9420493841,13,FALSE
2001,"additionality",-30361.8741940185,13,FALSE
2002,"project",-196450.863248035,13,FALSE
2002,"counterfactual",-85080.3226465136,13,FALSE
2002,"additionality",-111370.540601522,13,FALSE
2003,"project",0,13,FALSE
2003,"counterfactual",-8310.99973623455,13,FALSE
2003,"additionality",8310.99973623455,13,FALSE
2004,"project",-69621.6535280719,13,FALSE
2004,"counterfactual",-81978.1083691791,13,FALSE
2004,"additionality",12356.4548411071,13,FALSE
2005,"project",-15442.9484379962,13,FALSE
2005,"counterfactual",-16800.1671843454,13,FALSE
2005,"additionality",1357.21874634922,13,FALSE
2006,"project",-18644.7270248979,13,FALSE
2006,"counterfactual",-19336.4369651228,13,FALSE
2006,"additionality",691.709940224886,13,FALSE
2007,"project",-74143.9692735747,13,FALSE
2007,"counterfactual",-37315.6551838964,13,FALSE
2007,"additionality",-36828.3140896782,13,FALSE
2008,"project",-43693.0112236142,13,FALSE
2008,"counterfactual",-46203.079870306,13,FALSE
2008,"additionality",2510.06864669174,13,FALSE
2009,"project",-58009.3108953685,13,FALSE
2009,"counterfactual",-56049.4660647586,13,FALSE
2009,"additionality",-1959.84483060986,13,FALSE
2010,"project",-80432.2414573357,13,FALSE
2010,"counterfactual",-71340.4479249567,13,FALSE
2010,"additionality",-9091.79353237897,13,FALSE
2011,"project",-255010.397959493,13,FALSE
2011,"counterfactual",-168803.426546708,13,FALSE
2011,"additionality",-86206.9714127854,13,FALSE
2012,"project",-31603.8079503104,13,FALSE
2012,"counterfactual",-71544.816770941,13,FALSE
2012,"additionality",39941.0088206306,13,FALSE
2013,"project",-35471.095343329,13,FALSE
2013,"counterfactual",-74028.6842835248,13,FALSE
2013,"additionality",38557.5889401957,13,FALSE
2014,"project",-90650.6837559789,13,TRUE
2014,"counterfactual",-107450.850940317,13,TRUE
2014,"additionality",16800.167184338,13,TRUE
2015,"project",-101125.8971688,13,TRUE
2015,"counterfactual",-298079.822191559,13,TRUE
2015,"additionality",196953.925022759,13,TRUE
2016,"project",-48776.031238839,13,TRUE
2016,"counterfactual",-379062.287464991,13,TRUE
2016,"additionality",330286.256226152,13,TRUE
2017,"project",-140296.592646912,13,TRUE
2017,"counterfactual",-678457.406588286,13,TRUE
2017,"additionality",538160.813941374,13,TRUE
2018,"project",-33511.2505127117,13,TRUE
2018,"counterfactual",-239646.052923806,13,TRUE
2018,"additionality",206134.802411094,13,TRUE
2019,"project",-27710.3194231987,13,TRUE
2019,"counterfactual",-363168.679520488,13,TRUE
2019,"additionality",335458.360097289,13,TRUE
2020,"project",-68856.5804123655,13,TRUE
2020,"counterfactual",-280687.509376571,13,TRUE
2020,"additionality",211830.928964205,13,TRUE
2021,"project",-131519.212723739,13,TRUE
2021,"counterfactual",-246185.855994947,13,TRUE
2021,"additionality",114666.643271208,13,TRUE
1991,"project",0,14,FALSE
1991,"counterfactual",-11601.8621790782,14,FALSE
1991,"additionality",11601.8621790782,14,FALSE
1992,"project",0,14,FALSE
1992,"counterfactual",-1933.64369648695,14,FALSE
1992,"additionality",1933.64369648695,14,FALSE
1993,"project",0,14,FALSE
1993,"counterfactual",-3867.28739304841,14,FALSE
1993,"additionality",3867.28739304841,14,FALSE
1994,"project",0,14,FALSE
1994,"counterfactual",0,14,FALSE
1994,"additionality",0,14,FALSE
1995,"project",0,14,FALSE
1995,"counterfactual",0,14,FALSE
1995,"additionality",0,14,FALSE
1996,"project",0,14,FALSE
1996,"counterfactual",-1933.6436965093,14,FALSE
1996,"additionality",1933.6436965093,14,FALSE
1997,"project",-61876.5982883722,14,FALSE
1997,"counterfactual",-54718.448452495,14,FALSE
1997,"additionality",-7158.14983587712,14,FALSE
1998,"project",-81008.6664075255,14,FALSE
1998,"counterfactual",-36534.861387752,14,FALSE
1998,"additionality",-44473.8050197735,14,FALSE
1999,"project",-3867.2873930186,14,FALSE
1999,"counterfactual",-21846.5056118146,14,FALSE
1999,"additionality",17979.218218796,14,FALSE
2000,"project",-70559.6541288123,14,FALSE
2000,"counterfactual",-59738.5857459158,14,FALSE
2000,"additionality",-10821.0683828965,14,FALSE
2001,"project",-74631.3103678152,14,FALSE
2001,"counterfactual",-44269.4361737967,14,FALSE
2001,"additionality",-30361.8741940185,14,FALSE
2002,"project",-169956.276447065,14,FALSE
2002,"counterfactual",-81213.0352534726,14,FALSE
2002,"additionality",-88743.2411935925,14,FALSE
2003,"project",0,14,FALSE
2003,"counterfactual",-6377.35603973269,14,FALSE
2003,"additionality",6377.35603973269,14,FALSE
2004,"project",-50437.1831407174,14,FALSE
2004,"counterfactual",-76150.9761455655,14,FALSE
2004,"additionality",25713.7930048481,14,FALSE
2005,"project",-10333.7272886932,14,FALSE
2005,"counterfactual",-19399.3196869418,14,FALSE
2005,"additionality",9065.59239824861,14,FALSE
2006,"project",-10244.6434327215,14,FALSE
2006,"counterfactual",-21270.0806616321,14,FALSE
2006,"additionality",11025.4372289106,14,FALSE
2007,"project",-58674.8197014779,14,FALSE
2007,"counterfactual",-50851.1610594839,14,FALSE
2007,"additionality",-7823.658641994,14,FALSE
2008,"project",-40606.5176267475,14,FALSE
2008,"counterfactual",-52093.0948157907,14,FALSE
2008,"additionality",11486.5771890432,14,FALSE
2009,"project",-55294.8734026924,14,FALSE
2009,"counterfactual",-70161.3968905061,14,FALSE
2009,"additionality",14866.5234878138,14,FALSE
2010,"project",-76538.7529302165,14,FALSE
2010,"counterfactual",-82916.1089699268,14,FALSE
2010,"additionality",6377.35603971034,14,FALSE
2011,"project",-258903.886486612,14,FALSE
2011,"counterfactual",-190162.591064282,14,FALSE
2011,"additionality",-68741.2954223305,14,FALSE
2012,"project",-29004.6554476991,14,FALSE
2012,"counterfactual",-59277.4457857609,14,FALSE
2012,"additionality",30272.7903380617,14,FALSE
2013,"project",-31514.7240943611,14,FALSE
2013,"counterfactual",-68227.7531939968,14,FALSE
2013,"additionality",36713.0290996358,14,FALSE
2014,"project",-112009.848273553,14,TRUE
2014,"counterfactual",-107387.968218476,14,TRUE
2014,"additionality",-4621.88005507737,14,TRUE
2015,"project",-97258.6097757667,14,TRUE
2015,"counterfactual",-279036.837928332,14,TRUE
2015,"additionality",181778.228152566,14,TRUE
2016,"project",-39862.4054183289,14,TRUE
2016,"counterfactual",-392660.67606242,14,TRUE
2016,"additionality",352798.270644091,14,TRUE
2017,"project",-138939.373900607,14,TRUE
2017,"counterfactual",-667458.170493506,14,TRUE
2017,"additionality",528518.796592899,14,TRUE
2018,"project",-40643.1992144585,14,TRUE
2018,"counterfactual",-240285.360595807,14,TRUE
2018,"additionality",199642.161381349,14,TRUE
2019,"project",-32871.9428407103,14,TRUE
2019,"counterfactual",-358903.134889156,14,TRUE
2019,"additionality",326031.192048445,14,TRUE
2020,"project",-52758.6036219075,14,TRUE
2020,"counterfactual",-274797.494431123,14,TRUE
2020,"additionality",222038.890809216,14,TRUE
2021,"project",-107623.778425358,14,TRUE
2021,"counterfactual",-250194.629512087,14,TRUE
2021,"additionality",142570.851086728,14,TRUE
1991,"project",0,15,FALSE
1991,"counterfactual",-24932.9992086887,15,FALSE
1991,"additionality",24932.9992086887,15,FALSE
1992,"project",0,15,FALSE
1992,"counterfactual",0,15,FALSE
1992,"additionality",0,15,FALSE
1993,"project",0,15,FALSE
1993,"counterfactual",-7734.57478605211,15,FALSE
1993,"additionality",7734.57478605211,15,FALSE
1994,"project",0,15,FALSE
1994,"counterfactual",0,15,FALSE
1994,"additionality",0,15,FALSE
1995,"project",0,15,FALSE
1995,"counterfactual",0,15,FALSE
1995,"additionality",0,15,FALSE
1996,"project",0,15,FALSE
1996,"counterfactual",0,15,FALSE
1996,"additionality",0,15,FALSE
1997,"project",-63810.2419848889,15,FALSE
1997,"counterfactual",-46983.8736664578,15,FALSE
1997,"additionality",-16826.3683184311,15,FALSE
1998,"project",-77922.1728106514,15,FALSE
1998,"counterfactual",-42540.1613232717,15,FALSE
1998,"additionality",-35382.0114873797,15,FALSE
1999,"project",-5800.93108954281,15,FALSE
1999,"counterfactual",-36534.8613877371,15,FALSE
1999,"additionality",30733.9302981943,15,FALSE
2000,"project",-61672.2294424176,15,FALSE
2000,"counterfactual",-46983.8736664653,15,FALSE
2000,"additionality",-14688.3557759523,15,FALSE
2001,"project",-74631.3103677928,15,FALSE
2001,"counterfactual",-55871.2983528748,15,FALSE
2001,"additionality",-18760.012014918,15,FALSE
2002,"project",-173912.647696048,15,FALSE
2002,"counterfactual",-91546.7625421733,15,FALSE
2002,"additionality",-82365.8851538748,15,FALSE
2003,"project",0,15,FALSE
2003,"counterfactual",-3867.28739301115,15,FALSE
2003,"additionality",3867.28739301115,15,FALSE
2004,"project",-67688.0098315552,15,FALSE
2004,"counterfactual",-57443.3663988262,15,FALSE
2004,"additionality",-10244.6434327289,15,FALSE
2005,"project",-12932.879791297,15,FALSE
2005,"counterfactual",-20667.4545773417,15,FALSE
2005,"additionality",7734.57478604466,15,FALSE
2006,"project",-9668.21848256141,15,FALSE
2006,"counterfactual",-25137.3680546731,15,FALSE
2006,"additionality",15469.1495721117,15,FALSE
2007,"project",-94748.5411290675,15,FALSE
2007,"counterfactual",-49493.9423131496,15,FALSE
2007,"additionality",-45254.598815918,15,FALSE
2008,"project",-43116.5862734392,15,FALSE
2008,"counterfactual",-77345.7478604615,15,FALSE
2008,"additionality",34229.1615870222,15,FALSE
2009,"project",-46868.5886764377,15,FALSE
2009,"counterfactual",-57228.5170992166,15,FALSE
2009,"additionality",10359.9284227788,15,FALSE
2010,"project",-94722.3399949744,15,FALSE
2010,"counterfactual",-93365.1212486401,15,FALSE
2010,"additionality",-1357.21874633431,15,FALSE
2011,"project",-239939.50562571,15,FALSE
2011,"counterfactual",-163463.635417327,15,FALSE
2011,"additionality",-76475.8702083826,15,FALSE
2012,"project",-34805.5865372196,15,FALSE
2012,"counterfactual",-79944.9003631026,15,FALSE
2012,"additionality",45139.313825883,15,FALSE
2013,"project",-41156.7414428294,15,FALSE
2013,"counterfactual",-71340.4479249567,15,FALSE
2013,"additionality",30183.7064821273,15,FALSE
2014,"project",-92584.3274524882,15,TRUE
2014,"counterfactual",-95094.3960991949,15,TRUE
2014,"additionality",2510.06864670664,15,TRUE
2015,"project",-95414.0499351993,15,TRUE
2015,"counterfactual",-265784.304301046,15,TRUE
2015,"additionality",170370.254365847,15,TRUE
2016,"project",-36686.8279655352,15,TRUE
2016,"counterfactual",-397591.729499839,15,TRUE
2016,"additionality",360904.901534304,15,TRUE
2017,"project",-157353.53094542,15,TRUE
2017,"counterfactual",-684258.337677844,15,TRUE
2017,"additionality",526904.806732424,15,TRUE
2018,"project",-47775.1479162574,15,TRUE
2018,"counterfactual",-235354.307158351,15,TRUE
2018,"additionality",187579.159242094,15,TRUE
2019,"project",-34690.3015471697,15,TRUE
2019,"counterfactual",-364410.613276795,15,TRUE
2019,"additionality",329720.311729625,15,TRUE
2020,"project",-50877.3621935844,15,TRUE
2020,"counterfactual",-287730.37422242,15,TRUE
2020,"additionality",236853.012028836,15,TRUE
2021,"project",-108430.773355626,15,TRUE
2021,"counterfactual",-240908.947587386,15,TRUE
2021,"additionality",132478.17423176,15,TRUE
1991,"project",0,16,FALSE
1991,"counterfactual",-16045.5745222867,16,FALSE
1991,"additionality",16045.5745222867,16,FALSE
1992,"project",0,16,FALSE
1992,"counterfactual",0,16,FALSE
1992,"additionality",0,16,FALSE
1993,"project",0,16,FALSE
1993,"counterfactual",-3867.28739304096,16,FALSE
1993,"additionality",3867.28739304096,16,FALSE
1994,"project",0,16,FALSE
1994,"counterfactual",0,16,FALSE
1994,"additionality",0,16,FALSE
1995,"project",0,16,FALSE
1995,"counterfactual",0,16,FALSE
1995,"additionality",0,16,FALSE
1996,"project",0,16,FALSE
1996,"counterfactual",-4443.71234319359,16,FALSE
1996,"additionality",4443.71234319359,16,FALSE
1997,"project",-58009.310895361,16,FALSE
1997,"counterfactual",-46983.8736664578,16,FALSE
1997,"additionality",-11025.4372289032,16,FALSE
1998,"project",-61095.8044922203,16,FALSE
1998,"counterfactual",-37892.0801340938,16,FALSE
1998,"additionality",-23203.7243581265,16,FALSE
1999,"project",0,16,FALSE
1999,"counterfactual",-34601.2176912352,16,FALSE
1999,"additionality",34601.2176912352,16,FALSE
2000,"project",-58585.735845536,16,FALSE
2000,"counterfactual",-58585.7358455434,16,FALSE
2000,"additionality",7.45058059692383e-09,16,FALSE
2001,"project",-64475.7507910132,16,FALSE
2001,"counterfactual",-69406.8042284325,16,FALSE
2001,"additionality",4931.05343741924,16,FALSE
2002,"project",-202828.219287775,16,FALSE
2002,"counterfactual",-85080.3226465359,16,FALSE
2002,"additionality",-117747.89664124,16,FALSE
2003,"project",0,16,FALSE
2003,"counterfactual",-5800.93108954281,16,FALSE
2003,"additionality",5800.93108954281,16,FALSE
2004,"project",-50133.2499851584,16,FALSE
2004,"counterfactual",-87087.329518497,16,FALSE
2004,"additionality",36954.0795333385,16,FALSE
2005,"project",-17465.6759904623,16,FALSE
2005,"counterfactual",-22601.0982738733,16,FALSE
2005,"additionality",5135.42228341103,16,FALSE
2006,"project",-19336.4369651228,16,FALSE
2006,"counterfactual",-23203.7243581489,16,FALSE
2006,"additionality",3867.28739302605,16,FALSE
2007,"project",-89524.0349896997,16,FALSE
2007,"counterfactual",-41759.36752709,16,FALSE
2007,"additionality",-47764.6674626097,16,FALSE
2008,"project",-43205.6701293886,16,FALSE
2008,"counterfactual",-52093.0948157907,16,FALSE
2008,"additionality",8887.42468640208,16,FALSE
2009,"project",-56075.6671988443,16,FALSE
2009,"counterfactual",-77319.5467263758,16,FALSE
2009,"additionality",21243.8795275316,16,FALSE
2010,"project",-83723.1039001793,16,FALSE
2010,"counterfactual",-69406.8042284697,16,FALSE
2010,"additionality",-14316.2996717095,16,FALSE
2011,"project",-257714.354998536,16,FALSE
2011,"counterfactual",-179598.293795519,16,FALSE
2011,"additionality",-78116.0612030178,16,FALSE
2012,"project",-34779.3854031041,16,FALSE
2012,"counterfactual",-70764.0229747817,16,FALSE
2012,"additionality",35984.6375716776,16,FALSE
2013,"project",-23780.1493083164,16,FALSE
2013,"counterfactual",-71340.4479249492,16,FALSE
2013,"additionality",47560.2986166328,16,FALSE
2014,"project",-89204.3811537251,16,TRUE
2014,"counterfactual",-98091.8058401421,16,TRUE
2014,"additionality",8887.42468641698,16,TRUE
2015,"project",-105784.458811618,16,TRUE
2015,"counterfactual",-277307.5630778,16,TRUE
2015,"additionality",171523.104266182,16,TRUE
2016,"project",-34816.0669908375,16,TRUE
2016,"counterfactual",-399588.255918205,16,TRUE
2016,"additionality",364772.188927367,16,TRUE
2017,"project",-147454.742482804,16,TRUE
2017,"counterfactual",-705989.558299616,16,TRUE
2017,"additionality",558534.815816812,16,TRUE
2018,"project",-52999.6540556028,16,TRUE
2018,"counterfactual",-240861.785545982,16,TRUE
2018,"additionality",187862.13149038,16,TRUE
2019,"project",-27736.5205572844,16,TRUE
2019,"counterfactual",-371338.193132587,16,TRUE
2019,"additionality",343601.672575302,16,TRUE
2020,"project",-52695.7209000662,16,TRUE
2020,"counterfactual",-276180.914311551,16,TRUE
2020,"additionality",223485.193411484,16,TRUE
2021,"project",-105008.905242272,16,TRUE
2021,"counterfactual",-271642.877885588,16,TRUE
2021,"additionality",166633.972643316,16,TRUE
1991,"project",0,17,FALSE
1991,"counterfactual",-16621.9994724542,17,FALSE
1991,"additionality",16621.9994724542,17,FALSE
1992,"project",0,17,FALSE
1992,"counterfactual",0,17,FALSE
1992,"additionality",0,17,FALSE
1993,"project",0,17,FALSE
1993,"counterfactual",-5800.9310895279,17,FALSE
1993,"additionality",5800.9310895279,17,FALSE
1994,"project",0,17,FALSE
1994,"counterfactual",0,17,FALSE
1994,"additionality",0,17,FALSE
1995,"project",0,17,FALSE
1995,"counterfactual",0,17,FALSE
1995,"additionality",0,17,FALSE
1996,"project",0,17,FALSE
1996,"counterfactual",-3867.28739302605,17,FALSE
1996,"additionality",3867.28739302605,17,FALSE
1997,"project",-72121.241721116,17,FALSE
1997,"counterfactual",-55294.8734026924,17,FALSE
1997,"additionality",-16826.3683184236,17,FALSE
1998,"project",-70764.0229747817,17,FALSE
1998,"counterfactual",-40606.5176267624,17,FALSE
1998,"additionality",-30157.5053480193,17,FALSE
1999,"project",-1933.6436965093,17,FALSE
1999,"counterfactual",-26290.2179550007,17,FALSE
1999,"additionality",24356.5742584914,17,FALSE
2000,"project",-83723.1039002016,17,FALSE
2000,"counterfactual",-75207.7353179976,17,FALSE
2000,"additionality",-8515.36858220398,17,FALSE
2001,"project",-67677.5293779001,17,FALSE
2001,"counterfactual",-81789.4602036774,17,FALSE
2001,"additionality",14111.9308257774,17,FALSE
2002,"project",-189497.08225818,17,FALSE
2002,"counterfactual",-102483.115915135,17,FALSE
2002,"additionality",-87013.9663430452,17,FALSE
2003,"project",0,17,FALSE
2003,"counterfactual",-3867.2873930037,17,FALSE
2003,"additionality",3867.2873930037,17,FALSE
2004,"project",-56804.0587267801,17,FALSE
2004,"counterfactual",-71644.3810805157,17,FALSE
2004,"additionality",14840.3223537356,17,FALSE
2005,"project",-16045.5745222867,17,FALSE
2005,"counterfactual",-21935.5894677565,17,FALSE
2005,"additionality",5890.0149454698,17,FALSE
2006,"project",-12267.370985195,17,FALSE
2006,"counterfactual",-16045.5745222643,17,FALSE
2006,"additionality",3778.20353706926,17,FALSE
2007,"project",-79279.3915569708,17,FALSE
2007,"counterfactual",-51977.8098257557,17,FALSE
2007,"additionality",-27301.5817312151,17,FALSE
2008,"project",-56652.0921490341,17,FALSE
2008,"counterfactual",-74028.6842835322,17,FALSE
2008,"additionality",17376.5921344981,17,FALSE
2009,"project",-68343.0381840318,17,FALSE
2009,"counterfactual",-76743.1217762008,17,FALSE
2009,"additionality",8400.08359216899,17,FALSE
2010,"project",-97054.2409297898,17,FALSE
2010,"counterfactual",-82161.5163078755,17,FALSE
2010,"additionality",-14892.7246219143,17,FALSE
2011,"project",-252117.792754963,17,FALSE
2011,"counterfactual",-208629.150377311,17,FALSE
2011,"additionality",-43488.6423776522,17,FALSE
2012,"project",-27647.4367013425,17,FALSE
2012,"counterfactual",-70853.106830731,17,FALSE
2012,"additionality",43205.6701293886,17,FALSE
2013,"project",-32756.6578506753,17,FALSE
2013,"counterfactual",-73363.1754774004,17,FALSE
2013,"additionality",40606.5176267251,17,FALSE
2014,"project",-99831.5611442998,17,TRUE
2014,"counterfactual",-74400.7403877527,17,TRUE
2014,"additionality",-25430.8207565472,17,TRUE
2015,"project",-126389.030667111,17,TRUE
2015,"counterfactual",-275426.321649477,17,TRUE
2015,"additionality",149037.290982366,17,TRUE
2016,"project",-36686.8279655203,17,TRUE
2016,"counterfactual",-409832.899350956,17,TRUE
2016,"additionality",373146.071385436,17,TRUE
2017,"project",-168033.113204211,17,TRUE
2017,"counterfactual",-681171.844080977,17,TRUE
2017,"additionality",513138.730876766,17,TRUE
2018,"project",-48288.6901445985,17,TRUE
2018,"counterfactual",-221755.918560944,17,TRUE
2018,"additionality",173467.228416346,17,TRUE
2019,"project",-18644.727024883,17,TRUE
2019,"counterfactual",-364499.697132699,17,TRUE
2019,"additionality",345854.970107816,17,TRUE
2020,"project",-78011.2566666156,17,TRUE
2020,"counterfactual",-282442.985361233,17,TRUE
2020,"additionality",204431.728694618,17,TRUE
2021,"project",-113592.396773145,17,TRUE
2021,"counterfactual",-260811.329049021,17,TRUE
2021,"additionality",147218.932275876,17,TRUE
1991,"project",0,18,FALSE
1991,"counterfactual",-13535.5058755651,18,FALSE
1991,"additionality",13535.5058755651,18,FALSE
1992,"project",0,18,FALSE
1992,"counterfactual",0,18,FALSE
1992,"additionality",0,18,FALSE
1993,"project",0,18,FALSE
1993,"counterfactual",-7734.57478605956,18,FALSE
1993,"additionality",7734.57478605956,18,FALSE
1994,"project",0,18,FALSE
1994,"counterfactual",0,18,FALSE
1994,"additionality",0,18,FALSE
1995,"project",0,18,FALSE
1995,"counterfactual",0,18,FALSE
1995,"additionality",0,18,FALSE
1996,"project",0,18,FALSE
1996,"counterfactual",0,18,FALSE
1996,"additionality",0,18,FALSE
1997,"project",-71544.8167709187,18,FALSE
1997,"counterfactual",-43116.5862734541,18,FALSE
1997,"additionality",-28428.2304974645,18,FALSE
1998,"project",-83723.1039002091,18,FALSE
1998,"counterfactual",-35382.0114873871,18,FALSE
1998,"additionality",-48341.0924128219,18,FALSE
1999,"project",0,18,FALSE
1999,"counterfactual",-27071.0117511675,18,FALSE
1999,"additionality",27071.0117511675,18,FALSE
2000,"project",-63810.241984874,18,FALSE
2000,"counterfactual",-75988.5291141272,18,FALSE
2000,"additionality",12178.2871292531,18,FALSE
2001,"project",-82250.6001638547,18,FALSE
2001,"counterfactual",-77141.3790145218,18,FALSE
2001,"additionality",-5109.22114933282,18,FALSE
2002,"project",-209409.94417344,18,FALSE
2002,"counterfactual",-98615.8285220861,18,FALSE
2002,"additionality",-110794.115651354,18,FALSE
2003,"project",0,18,FALSE
2003,"counterfactual",-5800.93108954281,18,FALSE
2003,"additionality",5800.93108954281,18,FALSE
2004,"project",-59979.6361796185,18,FALSE
2004,"counterfactual",-82517.8517316356,18,FALSE
2004,"additionality",22538.2155520171,18,FALSE
2005,"project",-29465.7954078019,18,FALSE
2005,"counterfactual",-24534.7419703752,18,FALSE
2005,"additionality",-4931.05343742669,18,FALSE
2006,"project",-14751.2384977862,18,FALSE
2006,"counterfactual",-15469.1495720968,18,FALSE
2006,"additionality",717.911074310541,18,FALSE
2007,"project",-69584.9719403386,18,FALSE
2007,"counterfactual",-53937.6546563581,18,FALSE
2007,"additionality",-15647.3172839805,18,FALSE
2008,"project",-37981.1639900133,18,FALSE
2008,"counterfactual",-41272.0264328644,18,FALSE
2008,"additionality",3290.86244285107,18,FALSE
2009,"project",-69495.8880844042,18,FALSE
2009,"counterfactual",-72121.2417211309,18,FALSE
2009,"additionality",2625.35363672674,18,FALSE
2010,"project",-82827.0251139775,18,FALSE
2010,"counterfactual",-82827.0251139775,18,FALSE
2010,"additionality",0,18,FALSE
2011,"project",-243230.368068561,18,FALSE
2011,"counterfactual",-170045.360303015,18,FALSE
2011,"additionality",-73185.0077655464,18,FALSE
2012,"project",-29581.0803978592,18,FALSE
2012,"counterfactual",-66320.3106315807,18,FALSE
2012,"additionality",36739.2302337214,18,FALSE
2013,"project",-30335.6730599105,18,FALSE
2013,"counterfactual",-70072.3130345866,18,FALSE
2013,"additionality",39736.6399746761,18,FALSE
2014,"project",-99627.1922983229,18,TRUE
2014,"counterfactual",-96336.3298554718,18,TRUE
2014,"additionality",-3290.86244285107,18,TRUE
2015,"project",-101943.372552685,18,TRUE
2015,"counterfactual",-291215.125057593,18,TRUE
2015,"additionality",189271.752504908,18,TRUE
2016,"project",-54063.4201000407,18,TRUE
2016,"counterfactual",-392775.961052448,18,TRUE
2016,"additionality",338712.540952407,18,TRUE
2017,"project",-143561.253955662,18,TRUE
2017,"counterfactual",-668789.188105747,18,TRUE
2017,"additionality",525227.934150085,18,TRUE
2018,"project",-14929.4062096551,18,TRUE
2018,"counterfactual",-239080.108427264,18,TRUE
2018,"additionality",224150.702217609,18,TRUE
2019,"project",-24445.6581144333,18,TRUE
2019,"counterfactual",-374592.37398766,18,TRUE
2019,"additionality",350146.715873227,18,TRUE
2020,"project",-48943.7184970751,18,TRUE
2020,"counterfactual",-283312.863013327,18,TRUE
2020,"additionality",234369.144516252,18,TRUE
2021,"project",-113639.558814518,18,TRUE
2021,"counterfactual",-255607.783816949,18,TRUE
2021,"additionality",141968.22500243,18,TRUE
1991,"project",0,19,FALSE
1991,"counterfactual",-14111.9308257848,19,FALSE
1991,"additionality",14111.9308257848,19,FALSE
1992,"project",0,19,FALSE
1992,"counterfactual",0,19,FALSE
1992,"additionality",0,19,FALSE
1993,"project",0,19,FALSE
1993,"counterfactual",-1933.64369650185,19,FALSE
1993,"additionality",1933.64369650185,19,FALSE
1994,"project",0,19,FALSE
1994,"counterfactual",0,19,FALSE
1994,"additionality",0,19,FALSE
1995,"project",0,19,FALSE
1995,"counterfactual",0,19,FALSE
1995,"additionality",0,19,FALSE
1996,"project",0,19,FALSE
1996,"counterfactual",-3867.28739301115,19,FALSE
1996,"additionality",3867.28739301115,19,FALSE
1997,"project",-58009.3108953312,19,FALSE
1997,"counterfactual",-37892.0801341012,19,FALSE
1997,"additionality",-20117.23076123,19,FALSE
1998,"project",-82365.8851538748,19,FALSE
1998,"counterfactual",-34805.5865372121,19,FALSE
1998,"additionality",-47560.2986166626,19,FALSE
1999,"project",-5800.9310895279,19,FALSE
1999,"counterfactual",-34024.7927410528,19,FALSE
1999,"additionality",28223.8616515249,19,FALSE
2000,"project",-63810.2419849113,19,FALSE
2000,"counterfactual",-56652.0921490192,19,FALSE
2000,"additionality",-7158.14983589202,19,FALSE
2001,"project",-48917.5173629671,19,FALSE
2001,"counterfactual",-79855.8165071681,19,FALSE
2001,"additionality",30938.299144201,19,FALSE
2002,"project",-189266.512278095,19,FALSE
2002,"counterfactual",-99946.8461343423,19,FALSE
2002,"additionality",-89319.6661437526,19,FALSE
2003,"project",0,19,FALSE
2003,"counterfactual",-7734.57478605956,19,FALSE
2003,"additionality",7734.57478605956,19,FALSE
2004,"project",-57469.5675329119,19,FALSE
2004,"counterfactual",-67048.702159524,19,FALSE
2004,"additionality",9579.13462661207,19,FALSE
2005,"project",-23203.724358134,19,FALSE
2005,"counterfactual",-21935.5894677565,19,FALSE
2005,"additionality",-1268.13489037752,19,FALSE
2006,"project",-9668.21848256141,19,FALSE
2006,"counterfactual",-32871.9428406954,19,FALSE
2006,"additionality",23203.724358134,19,FALSE
2007,"project",-88947.6100395545,19,FALSE
2007,"counterfactual",-46407.4487162828,19,FALSE
2007,"additionality",-42540.1613232717,19,FALSE
2008,"project",-42540.1613232568,19,FALSE
2008,"counterfactual",-69611.1730744317,19,FALSE
2008,"additionality",27071.0117511749,19,FALSE
2009,"project",-92814.8974325657,19,FALSE
2009,"counterfactual",-56075.6671988368,19,FALSE
2009,"additionality",-36739.2302337289,19,FALSE
2010,"project",-102855.17201934,19,FALSE
2010,"counterfactual",-90100.4599399045,19,FALSE
2010,"additionality",-12754.7120794356,19,FALSE
2011,"project",-265281.242526315,19,FALSE
2011,"counterfactual",-182915.357372478,19,FALSE
2011,"additionality",-82365.8851538375,19,FALSE
2012,"project",-34805.5865372419,19,FALSE
2012,"counterfactual",-77345.7478604689,19,FALSE
2012,"additionality",42540.161323227,19,FALSE
2013,"project",-27071.0117511526,19,FALSE
2013,"counterfactual",-83723.1039002016,19,FALSE
2013,"additionality",56652.092149049,19,FALSE
2014,"project",-116568.845606796,19,TRUE
2014,"counterfactual",-112497.189367794,19,TRUE
2014,"additionality",-4071.65623900294,19,TRUE
2015,"project",-130858.944144405,19,TRUE
2015,"counterfactual",-269483.904435806,19,TRUE
2015,"additionality",138624.960291401,19,TRUE
2016,"project",-34753.1842690408,19,TRUE
2016,"counterfactual",-397104.388405614,19,TRUE
2016,"additionality",362351.204136573,19,TRUE
2017,"project",-142167.353621587,19,TRUE
2017,"counterfactual",-671414.541742481,19,TRUE
2017,"additionality",529247.188120894,19,TRUE
2018,"project",-46533.2141599581,19,TRUE
2018,"counterfactual",-252463.647725061,19,TRUE
2018,"additionality",205930.433565103,19,TRUE
2019,"project",-37404.7390398309,19,TRUE
2019,"counterfactual",-360658.610873789,19,TRUE
2019,"additionality",323253.871833958,19,TRUE
2020,"project",-44872.0622580871,19,TRUE
2020,"counterfactual",-278088.356873967,19,TRUE
2020,"additionality",233216.29461588,19,TRUE
2021,"project",-120111.238936983,19,TRUE
2021,"counterfactual",-244456.581144385,19,TRUE
2021,"additionality",124345.342207402,19,TRUE
1991,"project",0,20,FALSE
1991,"counterfactual",-16045.5745222718,20,FALSE
1991,"additionality",16045.5745222718,20,FALSE
1992,"project",0,20,FALSE
1992,"counterfactual",0,20,FALSE
1992,"additionality",0,20,FALSE
1993,"project",0,20,FALSE
1993,"counterfactual",-3867.28739302605,20,FALSE
1993,"additionality",3867.28739302605,20,FALSE
1994,"project",0,20,FALSE
1994,"counterfactual",0,20,FALSE
1994,"additionality",0,20,FALSE
1995,"project",0,20,FALSE
1995,"counterfactual",0,20,FALSE
1995,"additionality",0,20,FALSE
1996,"project",0,20,FALSE
1996,"counterfactual",0,20,FALSE
1996,"additionality",0,20,FALSE
1997,"project",-61876.5982883796,20,FALSE
1997,"counterfactual",-41182.9425769374,20,FALSE
1997,"additionality",-20693.6557114422,20,FALSE
1998,"project",-42540.1613232568,20,FALSE
1998,"counterfactual",-35382.0114873946,20,FALSE
1998,"additionality",-7158.14983586222,20,FALSE
1999,"project",-3867.28739301115,20,FALSE
1999,"counterfactual",-26290.2179550081,20,FALSE
1999,"additionality",22422.930561997,20,FALSE
2000,"project",-64963.0918852687,20,FALSE
2000,"counterfactual",-68830.3792782724,20,FALSE
2000,"additionality",3867.2873930037,20,FALSE
2001,"project",-56075.6671988443,20,FALSE
2001,"counterfactual",-62453.0232385695,20,FALSE
2001,"additionality",6377.35603972524,20,FALSE
2002,"project",-157573.620471835,20,FALSE
2002,"counterfactual",-83146.6789500117,20,FALSE
2002,"additionality",-74426.9415218234,20,FALSE
2003,"project",0,20,FALSE
2003,"counterfactual",-7734.57478602976,20,FALSE
2003,"additionality",7734.57478602976,20,FALSE
2004,"project",-61887.0787420198,20,FALSE
2004,"counterfactual",-69710.7373840064,20,FALSE
2004,"additionality",7823.65864198655,20,FALSE
2005,"project",-12932.8797913119,20,FALSE
2005,"counterfactual",-14201.0146817043,20,FALSE
2005,"additionality",1268.13489039242,20,FALSE
2006,"project",-11601.8621790782,20,FALSE
2006,"counterfactual",-29581.0803978592,20,FALSE
2006,"additionality",17979.2182187811,20,FALSE
2007,"project",-86809.5974970609,20,FALSE
2007,"counterfactual",-44358.5200297311,20,FALSE
2007,"additionality",-42451.0774673298,20,FALSE
2008,"project",-43179.4689952582,20,FALSE
2008,"counterfactual",-58674.8197014853,20,FALSE
2008,"additionality",15495.3507062271,20,FALSE
2009,"project",-70276.681880556,20,FALSE
2009,"counterfactual",-58009.3108953461,20,FALSE
2009,"additionality",-12267.3709852099,20,FALSE
2010,"project",-85452.3787507117,20,FALSE
2010,"counterfactual",-77717.8039646745,20,FALSE
2010,"additionality",-7734.57478603721,20,FALSE
2011,"project",-255204.286351837,20,FALSE
2011,"counterfactual",-168111.716606505,20,FALSE
2011,"additionality",-87092.569745332,20,FALSE
2012,"project",-45139.3138258979,20,FALSE
2012,"counterfactual",-66320.3106315732,20,FALSE
2012,"additionality",21180.9968056753,20,FALSE
2013,"project",-19336.4369651154,20,FALSE
2013,"counterfactual",-72121.2417211235,20,FALSE
2013,"additionality",52784.8047560081,20,FALSE
2014,"project",-90163.3426617458,20,TRUE
2014,"counterfactual",-111024.685631432,20,TRUE
2014,"additionality",20861.3429696858,20,TRUE
2015,"project",-117323.438268825,20,TRUE
2015,"counterfactual",-265412.248196833,20,TRUE
2015,"additionality",148088.809928007,20,TRUE
2016,"project",-39285.9804681763,20,TRUE
2016,"counterfactual",-407029.378002323,20,TRUE
2016,"additionality",367743.397534147,20,TRUE
2017,"project",-177549.365108974,20,TRUE
2017,"counterfactual",-680391.050284818,20,TRUE
2017,"additionality",502841.685175844,20,TRUE
2018,"project",-54907.0966180339,20,TRUE
2018,"counterfactual",-244844.357929058,20,TRUE
2018,"additionality",189937.261311024,20,TRUE
2019,"project",-34805.5865371972,20,TRUE
2019,"counterfactual",-366139.88812732,20,TRUE
2019,"additionality",331334.301590122,20,TRUE
2020,"project",-52119.2959498912,20,TRUE
2020,"counterfactual",-294044.847540289,20,TRUE
2020,"additionality",241925.551590398,20,TRUE
2021,"project",-111721.635798462,20,TRUE
2021,"counterfactual",-250451.400626272,20,TRUE
2021,"additionality",138729.76482781,20,TRUE
